date,apprehended,cbp_custody,transferred,hhs_care,discharged
2025-12-21,6,18,11,2484,14
2025-12-18,11,50,6,2472,16
2025-12-17,7,31,11,2481,10
2025-12-16,8,54,15,2468,9
2025-12-15,11,42,9,2470,7
2025-12-14,8,35,4,2462,8
2025-12-11,7,47,9,2437,10
2025-12-10,10,54,5,2439,9
2025-12-09,4,30,7,2443,8
2025-12-08,9,27,9,2440,4
2025-12-07,4,24,13,2429,12
2025-12-04,16,39,7,2418,13
2025-12-03,4,32,8,2419,7
2025-12-02,7,34,6,2407,8
2025-12-01,4,26,4,2410,9
2025-11-30,4,18,10,2415,0
2025-11-27,4,24,8,2389,7
2025-11-25,6,47,14,2375,11
2025-11-24,9,40,9,2371,13
2025-11-23,3,46,22,2375,1
2025-11-20,18,57,8,2340,9
2025-11-19,7,32,3,2340,10
2025-11-18,2,38,8,2345,12
2025-11-17,1,35,6,2343,8
2025-11-16,5,22,3,2340,5
2025-11-13,6,26,16,2317,5
2025-11-12,14,48,20,2302,7
2025-11-11,11,39,12,2294,14
2025-11-09,11,33,5,2294,4
2025-11-06,6,33,9,2264,19
2025-11-05,8,41,8,2272,7
2025-11-04,6,33,6,2270,8
2025-11-03,3,28,5,2269,12
2025-11-02,5,21,10,2277,7
2025-10-30,3,17,14,2287,12
2025-10-29,6,25,4,2280,17
2025-10-28,6,22,11,2286,6
2025-10-27,2,31,8,2282,11
2025-10-26,4,35,12,2276,10
2025-10-23,4,27,26,2266,18
2025-10-22,12,42,13,2261,12
2025-10-21,13,39,17,2251,9
2025-10-20,10,39,6,2243,7
2025-10-19,9,34,17,2237,7
2025-10-16,9,33,15,2233,9
2025-10-15,8,29,10,2225,15
2025-10-14,7,30,16,2235,8
2025-10-13,8,24,7,2223,6
2025-10-09,11,55,13,2192,12
2025-10-08,8,49,15,2192,17
2025-10-07,11,45,4,2189,10
2025-10-06,5,33,15,2187,10
2025-10-05,8,28,13,2180,16
2025-10-02,20,51,15,2164,16
2025-10-01,4,33,12,2163,14
2025-09-30,8,32,12,2159,7
2025-09-29,8,35,12,2148,13
2025-09-28,11,29,12,2146,9
2025-09-25,6,35,12,2132,18
2025-09-24,3,38,12,2138,17
2025-09-23,11,36,10,2145,15
2025-09-22,17,40,14,2141,10
2025-09-21,8,35,13,2134,5
2025-09-18,20,52,11,2096,14
2025-09-17,7,38,5,2096,13
2025-09-16,7,28,17,2095,12
2025-09-15,9,47,10,2086,10
2025-09-14,7,39,13,2083,5
2025-09-11,12,38,29,2047,6
2025-09-10,10,47,14,2025,18
2025-09-09,18,42,11,2023,14
2025-09-08,7,25,5,2025,6
2025-09-07,4,19,9,2026,7
2025-09-04,11,40,2,2015,14
2025-09-03,4,29,11,2019,10
2025-09-02,6,35,9,2020,9
2025-09-01,10,29,17,2010,5
2025-08-28,8,33,6,1984,17
2025-08-27,5,19,9,1988,19
2025-08-26,10,21,20,1989,15
2025-08-25,8,30,8,1980,11
2025-08-24,4,21,5,1981,5
2025-08-21,6,49,8,1972,21
2025-08-20,10,38,10,1983,10
2025-08-19,5,35,3,1980,11
2025-08-18,4,20,6,1985,14
2025-08-17,4,14,2,1991,3
2025-08-14,3,27,4,1994,11
2025-08-13,6,22,12,1997,17
2025-08-12,8,38,9,1999,9
2025-08-11,6,23,4,1999,16
2025-08-10,0,18,8,2006,12
2025-08-07,4,18,6,2031,17
2025-08-06,4,17,3,2036,13
2025-08-05,2,21,10,2042,14
2025-08-04,5,22,11,2040,14
2025-08-03,5,26,3,2049,5
2025-07-31,2,9,6,2058,15
2025-07-30,4,15,4,2063,16
2025-07-29,2,8,3,2072,12
2025-07-28,2,9,3,2080,14
2025-07-27,1,12,2,2088,4
2025-07-24,6,18,7,2096,29
2025-07-23,6,21,5,2111,14
2025-07-22,5,13,3,2117,16
2025-07-21,4,18,7,2121,16
2025-07-17,3,16,2,2153,17
2025-07-16,1,9,0,2164,11
2025-07-15,0,8,5,2171,17
2025-07-14,2,9,1,2181,26
2025-07-13,1,13,4,2204,10
2025-07-10,2,12,3,2252,39
2025-07-09,2,18,0,2281,32
2025-07-08,5,16,8,2306,20
2025-07-07,3,18,8,2317,20
2025-07-06,4,17,2,2332,8
2025-07-02,8,20,9,2373,38
2025-07-01,7,14,6,2391,22
2025-06-30,9,22,8,2407,16
2025-06-29,5,17,7,2413,20
2025-06-26,3,9,7,2447,35
2025-06-25,6,12,2,2470,24
2025-06-24,5,20,5,2489,16
2025-06-23,3,15,5,2495,17
2025-06-22,7,13,5,2508,7
2025-06-19,8,19,7,2501,18
2025-06-17,7,24,10,2523,14
2025-06-10,17,28,7,2511,12
2025-06-09,8,21,14,2516,9
2025-06-08,10,16,15,2507,13
2025-06-05,8,26,5,2503,21
2025-06-04,4,16,9,2516,16
2025-06-03,5,23,11,2519,15
2025-06-02,10,19,5,2518,16
2025-06-01,8,24,16,2528,12
2025-05-29,13,38,15,2506,11
2025-05-28,12,39,12,2499,14
2025-05-27,6,24,7,2504,11
2025-05-22,18,36,17,2473,15
2025-05-21,14,62,13,2467,18
2025-05-19,7,27,17,2457,6
2025-05-18,13,28,14,2437,9
2025-05-15,15,31,14,2410,14
2025-05-14,7,30,14,2394,11
2025-05-13,18,29,12,2394,11
2025-05-12,7,33,14,2392,7
2025-05-11,15,20,12,2385,3
2025-05-08,15,24,16,2361,11
2025-05-07,10,30,15,2335,10
2025-05-06,10,33,16,2339,16
2025-05-05,15,44,20,2331,17
2025-05-04,9,31,10,2335,5
2025-05-01,13,32,14,2306,16
2025-04-30,7,34,9,2309,12
2025-04-29,11,25,11,2304,15
2025-04-28,6,26,12,2307,8
2025-04-27,9,40,12,2301,4
2025-04-24,3,9,7,2294,13
2025-04-23,3,23,4,2300,11
2025-04-22,7,19,14,2305,17
2025-04-21,10,25,5,2308,6
2025-04-20,4,15,6,2305,4
2025-04-17,7,26,10,2288,14
2025-04-16,11,30,5,2291,8
2025-04-15,4,19,12,2286,7
2025-04-14,5,26,9,2282,13
2025-04-13,5,26,10,2283,3
2025-04-11,8,22,8,2267,9
2025-04-10,18,25,17,2265,6
2025-04-09,6,19,10,2251,5
2025-04-08,12,34,12,2243,9
2025-04-07,12,22,9,2237,5
2025-04-06,7,14,7,2234,11
2025-04-03,12,26,18,2223,8
2025-04-02,5,31,16,2208,3
2025-04-01,17,36,7,2191,12
2025-03-31,9,25,8,2193,5
2025-03-30,9,20,5,2188,2
2025-03-27,1,19,13,2159,2
2025-03-26,9,21,15,2159,2
2025-03-25,12,19,7,2145,6
2025-03-24,7,13,11,2139,7
2025-03-23,15,29,9,2136,2
2025-03-20,9,20,11,2124,7
2025-03-19,6,22,14,2119,9
2025-03-18,19,34,6,2109,8
2025-03-17,5,14,0,2111,8
2025-03-16,1,9,8,2117,5
2025-03-13,4,20,9,2116,6
2025-03-12,6,18,2,2113,8
2025-03-11,3,11,7,2116,20
2025-03-10,6,28,8,2125,23
2025-03-09,12,25,15,2137,30
2025-03-06,7,27,6,2218,33
2025-03-05,5,20,4,2238,40
2025-03-04,4,25,10,2272,30
2025-03-03,8,29,18,2287,25
2025-03-02,12,24,4,2297,31
2025-02-27,10,15,17,2391,37
2025-02-26,12,21,1,2411,23
2025-02-25,11,7,7,2413,23
2025-02-24,20,22,14,2413,24
2025-02-23,7,16,8,2423,35
2025-02-20,13,25,15,2520,32
2025-02-19,12,17,17,2528,19
2025-02-18,18,19,11,2536,9
2025-02-17,8,17,14,2532,15
2025-02-13,15,10,23,2703,72
2025-02-12,16,20,20,2752,66
2025-02-11,11,22,12,2799,50
2025-02-10,16,18,15,2834,63
2025-02-09,15,13,23,2878,99
2025-02-06,25,32,27,3181,145
2025-02-05,26,36,36,3290,104
2025-02-04,34,54,29,3359,74
2025-02-03,23,45,11,3403,102
2025-02-02,20,22,41,3483,168
2025-01-30,47,42,47,3923,159
2025-01-29,32,50,39,4036,99
2025-01-28,32,49,39,4096,101
2025-01-27,33,53,34,4161,127
2025-01-26,29,51,11,4241,182
2025-01-23,91,75,97,4621,174
2025-01-22,62,97,52,4717,83
2025-01-21,59,64,117,4728,54
2025-01-20,84,118,136,4638,127
2025-01-19,86,152,168,4628,176
2025-01-16,106,196,131,4881,159
2025-01-15,113,162,107,4903,164
2025-01-14,92,124,93,4957,139
2025-01-13,68,107,102,5019,181
2025-01-12,74,103,80,5092,235
2025-01-09,56,82,68,5507,164
2025-01-08,38,80,82,5605,184
2025-01-07,65,83,65,5703,133
2025-01-06,41,60,71,5769,190
2025-01-05,43,73,64,5882,185
2025-01-02,35,70,53,6292,170
2025-01-01,25,66,94,6405,144
2024-12-30,99,156,139,6454,177
2024-12-29,107,170,133,6465,216
2024-12-26,80,122,152,6707,135
2024-12-25,57,162,193,6689,107
2024-12-24,161,304,211,6622,155
2024-12-23,205,294,177,6548,231
2024-12-22,100,255,236,6595,268
2024-12-19,269,412,204,6600,238
2024-12-18,168,285,210,6598,134
2024-12-17,187,310,247,6506,151
2024-12-16,133,287,189,6454,149
2024-12-15,180,337,219,6408,224
2024-12-12,153,253,286,6481,194
2024-12-11,209,353,232,6402,152
2024-12-10,167,326,213,6310,149
2024-12-09,224,315,152,6268,174
2024-12-08,132,243,183,6286,172
2024-12-05,218,283,208,6310,150
2024-12-04,118,245,160,6269,115
2024-12-03,81,230,242,6192,107
2024-12-02,236,330,222,6061,115
2024-12-01,196,306,187,5986,149
2024-11-28,113,280,237,5963,143
2024-11-27,239,367,224,5862,211
2024-11-26,152,272,214,5826,112
2024-11-25,170,297,196,5715,129
2024-11-24,191,283,192,5664,207
2024-11-21,109,214,173,5850,210
2024-11-20,155,212,181,5879,148
2024-11-19,119,209,152,5844,146
2024-11-18,143,203,163,5819,138
2024-11-17,105,210,149,5816,195
2024-11-14,119,219,210,6025,172
2024-11-13,148,245,175,5966,151
2024-11-12,142,235,139,5975,138
2024-11-11,118,139,168,5963,145
2024-11-07,125,232,192,6084,177
2024-11-06,156,256,176,6086,137
2024-11-05,109,245,159,6045,126
2024-11-04,167,209,157,6007,132
2024-11-03,84,171,157,5990,184
2024-10-31,87,246,173,6148,177
2024-10-30,136,276,178,6149,160
2024-10-29,166,277,229,6106,126
2024-10-28,110,272,193,6008,156
2024-10-27,202,313,158,5974,192
2024-10-23,134,294,186,6077,138
2024-10-22,180,280,146,6043,109
2024-10-21,108,220,213,5966,154
2024-10-20,147,276,214,5918,195
2024-10-17,104,230,206,6076,160
2024-10-16,174,285,150,6036,129
2024-10-15,113,208,159,6013,107
2024-10-14,88,214,160,5935,106
2024-10-13,130,227,192,5889,210
2024-10-10,84,158,193,6075,159
2024-10-09,115,216,169,6047,137
2024-10-08,167,239,166,6013,123
2024-10-07,99,190,176,5968,153
2024-10-03,101,162,178,6118,193
2024-10-02,107,215,230,6091,173
2024-10-01,184,314,217,6040,137
2024-09-30,209,285,184,5967,138
2024-09-29,81,213,153,5925,177
2024-09-26,91,199,172,6090,185
2024-09-25,154,225,220,6050,169
2024-09-24,186,259,172,6023,143
2024-09-23,92,203,173,6002,165
2024-09-22,124,234,161,5989,197
2024-09-19,93,196,169,6270,188
2024-09-18,116,213,217,6245,149
2024-09-17,159,304,139,6227,160
2024-09-16,113,209,160,6229,164
2024-09-15,98,220,167,6234,210
2024-09-13,81,200,212,6326,279
2024-09-12,184,280,210,6360,220
2024-09-11,93,248,175,6410,162
2024-09-10,131,251,180,6396,148
2024-09-09,144,275,190,6353,141
2024-09-08,123,255,164,6312,221
2024-09-05,126,230,175,6448,121
2024-09-04,121,231,219,6375,114
2024-09-03,131,263,177,6272,112
2024-09-02,133,270,198,6192,129
2024-08-29,145,295,188,6250,169
2024-08-28,170,285,178,6227,134
2024-08-27,149,285,222,6152,97
2024-08-22,182,307,205,6054,171
2024-08-21,134,245,167,6028,156
2024-08-20,136,274,245,5995,112
2024-08-19,176,254,162,5865,158
2024-08-18,86,244,235,5821,178
2024-08-15,124,241,156,5895,220
2024-08-14,109,226,191,5987,178
2024-08-13,162,239,189,5981,123
2024-08-12,109,219,155,5903,148
2024-08-11,95,211,140,5894,249
2024-08-08,119,230,213,6084,174
2024-08-07,135,273,207,6038,174
2024-08-06,163,283,200,5998,143
2024-08-05,172,259,138,5950,150
2024-08-04,63,167,143,5943,170
2024-08-01,227,298,212,6016,169
2024-07-31,140,261,163,5963,154
2024-07-30,125,203,208,5930,92
2024-07-29,114,210,219,5819,163
2024-07-28,152,290,199,5743,207
2024-07-25,93,198,208,5954,194
2024-07-24,137,272,166,5927,177
2024-07-23,120,257,126,5965,170
2024-07-22,102,189,155,6002,234
2024-07-21,90,196,205,6058,262
2024-07-17,128,228,177,6228,187
2024-07-16,136,246,123,6239,173
2024-07-15,105,185,158,6283,171
2024-07-14,116,188,164,6308,237
2024-07-11,80,176,125,6640,197
2024-07-10,150,157,201,6649,177
2024-07-09,116,181,182,6651,130
2024-07-08,141,173,129,6617,123
2024-07-07,96,160,233,6599,213
2024-07-04,158,226,191,6790,225
2024-07-02,141,232,188,6823,184
2024-07-01,123,233,159,6825,229
2024-06-30,123,230,167,6874,273
2024-06-27,174,208,256,7248,268
2024-06-26,132,235,197,7268,187
2024-06-25,172,263,191,7239,202
2024-06-24,116,175,172,7239,202
2024-06-23,102,227,201,7247,294
2024-06-20,145,247,243,7431,235
2024-06-19,204,321,246,7433,198
2024-06-18,160,297,253,7340,214
2024-06-17,159,310,272,7318,224
2024-06-16,204,315,233,7307,294
2024-06-13,167,293,230,7544,259
2024-06-12,152,266,274,7548,212
2024-06-11,186,352,224,7493,156
2024-06-10,184,334,229,7439,212
2024-06-09,116,289,166,7451,312
2024-06-06,179,326,282,7741,238
2024-06-05,173,345,291,7691,198
2024-06-04,260,356,176,7565,203
2024-06-03,109,244,257,7596,224
2024-06-02,159,330,322,7546,306
2024-05-30,167,406,339,7563,190
2024-05-29,182,462,158,7491,141
2024-05-28,153,348,239,7418,151
2024-05-27,156,344,252,7365,167
2024-05-23,193,272,314,7494,227
2024-05-22,168,349,272,7474,208
2024-05-21,196,348,176,7404,145
2024-05-20,111,268,217,7368,192
2024-05-19,143,295,278,7356,298
2024-05-16,206,340,214,7565,234
2024-05-15,115,285,341,7589,265
2024-05-14,246,419,218,7546,186
2024-05-13,112,331,167,7499,157
2024-05-12,138,301,263,7464,245
2024-05-09,138,285,268,7570,244
2024-05-08,167,374,205,7583,202
2024-05-07,176,334,246,7566,163
2024-05-06,173,337,211,7449,205
2024-05-05,150,315,228,7447,332
2024-05-02,206,411,293,7577,194
2024-05-01,197,437,295,7508,190
2024-04-30,220,443,194,7431,135
2024-04-29,140,292,255,7373,187
2024-04-28,158,349,365,7298,250
2024-04-25,145,357,333,7209,217
2024-04-24,253,411,307,7128,154
2024-04-23,252,427,307,6967,134
2024-04-22,176,424,251,6799,214
2024-04-21,208,380,343,6745,240
2024-04-18,144,322,258,6728,260
2024-04-17,182,371,274,6725,227
2024-04-16,219,392,205,6685,163
2024-04-15,144,303,176,6681,191
2024-04-14,128,245,243,6630,290
2024-04-11,183,221,220,6912,285
2024-04-10,117,244,142,6999,227
2024-04-09,118,231,217,7043,130
2024-04-08,102,230,167,6988,199
2024-04-07,106,239,233,6982,279
2024-04-04,95,226,152,7317,225
2024-04-03,124,230,190,7346,163
2024-04-02,101,230,175,7340,132
2024-04-01,109,235,171,7271,172
2024-03-31,105,254,151,7257,287
2024-03-28,161,288,248,7762,360
2024-03-27,129,287,185,7893,215
2024-03-26,187,276,200,7919,208
2024-03-25,128,242,224,7899,229
2024-03-24,124,264,221,7899,373
2024-03-21,132,261,141,8292,235
2024-03-20,91,181,174,8365,227
2024-03-19,99,202,256,8390,197
2024-03-18,123,243,188,8333,283
2024-03-17,127,260,259,8373,342
2024-03-14,166,301,252,8695,310
2024-03-13,165,358,167,8819,239
2024-03-12,154,294,290,8843,213
2024-03-11,178,336,290,8757,253
2024-03-10,190,368,326,8714,373
2024-03-07,181,424,328,8902,305
2024-03-06,230,457,277,8870,232
2024-03-05,246,472,345,8800,214
2024-03-04,225,509,340,8660,229
2024-03-03,236,468,347,8594,354
2024-02-29,262,444,354,8724,299
2024-02-28,209,447,274,8699,257
2024-02-27,197,369,306,8650,206
2024-02-26,199,438,326,8404,329
2024-02-25,244,482,366,8404,329
2024-02-22,165,400,292,8607,293
2024-02-21,232,430,318,8573,231
2024-02-20,149,395,273,8488,192
2024-02-19,249,420,371,8380,218
2024-02-15,333,508,272,8463,312
2024-02-14,185,322,272,8512,230
2024-02-13,227,369,349,8348,160
2024-02-12,213,430,440,8092,234
2024-02-11,205,515,226,8056,347
2024-02-08,298,499,358,8188,315
2024-02-07,227,453,330,8160,222
2024-02-06,291,455,323,8045,178
2024-02-05,157,466,345,7872,242
2024-02-04,253,531,248,7813,342
2024-02-01,222,459,289,8026,337
2024-01-31,203,477,258,8153,266
2024-01-30,93,198,208,8182,187
2024-01-29,137,272,166,8057,195
2024-01-28,120,257,126,8004,307
2024-01-25,102,189,155,8180,293
2024-01-24,90,196,205,8212,243
2024-01-23,128,228,177,8133,202
2024-01-22,136,246,123,8008,222
2024-01-21,105,185,158,7974,371
2024-01-18,116,188,164,8042,359
2024-01-17,80,176,125,8072,353
2024-01-16,32,49,39,8133,188
2024-01-15,33,53,34,8033,234
2024-01-11,29,51,11,8829,476
2024-01-10,91,75,97,9144,349
2024-01-09,62,97,52,9311,286
2024-01-08,59,64,117,9670,367
2024-01-07,84,118,136,9670,367
2024-01-04,86,152,168,10558,362
2024-01-03,106,196,131,10718,263
2024-01-02,113,162,107,10770,316
2024-01-01,92,124,93,10870,290
2023-12-28,68,107,102,11230,357
2023-12-27,74,103,80,11206,335
2023-12-26,56,82,68,11217,288
2023-12-25,90,196,205,11144,347
2023-12-21,128,228,177,11375,497
2023-12-20,136,246,123,11516,390
2023-12-19,105,185,158,11291,272
2023-12-18,116,188,164,11149,364
2023-12-17,80,176,125,11092,456
2023-12-14,150,157,201,11242,396
2023-12-13,116,181,182,11192,335
2023-12-12,141,173,129,11077,259
2023-12-11,96,160,233,10998,304
2023-12-10,158,226,191,10871,411
2023-12-07,141,232,188,10897,466
2023-12-06,123,233,159,10832,376
2023-12-05,123,230,167,10761,261
2023-12-04,174,208,256,10635,273
2023-12-03,132,235,197,10579,417
2023-11-30,92,124,93,10536,320
2023-11-29,68,107,102,10398,284
2023-11-28,74,103,80,10223,223
2023-11-27,56,82,68,10123,214
2023-11-26,90,196,205,9845,312
2023-11-23,128,228,177,9838,283
2023-11-21,136,246,123,9804,250
2023-11-20,105,185,158,9638,298
2023-11-19,116,188,164,9573,435
2023-11-16,80,176,125,9762,374
2023-11-15,150,157,201,9762,316
2023-11-14,116,181,182,9665,247
2023-11-13,141,173,129,9510,287
2023-11-12,96,160,233,9477,313
2023-11-08,158,226,191,9634,310
2023-11-07,141,232,188,9483,231
2023-11-06,123,233,159,9286,316
2023-11-05,123,230,167,9273,370
2023-11-02,174,208,256,9442,330
2023-11-01,132,235,197,9250,279
2023-10-31,33,53,34,9072,295
2023-10-30,29,51,11,9026,278
2023-10-29,91,75,97,8925,418
2023-10-26,62,97,52,9235,390
2023-10-25,59,64,117,9351,293
2023-10-24,84,118,136,9396,300
2023-10-23,86,152,168,9436,327
2023-10-22,106,196,131,9506,454
2023-10-19,113,162,107,10319,406
2023-10-18,92,124,93,10511,393
2023-10-17,68,107,102,10630,315
2023-10-16,74,103,80,10629,331
2023-10-15,56,82,68,10571,434
2023-10-12,38,80,82,10992,398
2023-10-11,65,83,65,10960,266
2023-10-10,41,60,71,10910,257
2023-10-09,43,73,64,10815,282
2023-10-05,35,70,53,11130,427
2023-10-04,25,66,94,10963,330
2023-10-03,99,156,139,10818,287
2023-10-02,107,170,133,10724,284
2023-10-01,80,122,152,10598,493
2023-09-28,57,162,193,10984,447
2023-09-27,161,304,211,11017,331
2023-09-26,205,294,177,10978,332
2023-09-25,100,255,236,10842,284
2023-09-24,269,412,204,10744,403
2023-09-21,168,285,210,11067,428
2023-09-20,187,310,247,11064,364
2023-09-19,133,287,189,11095,260
2023-09-18,180,337,219,10892,313
2023-09-17,153,253,286,10799,427
2023-09-14,209,353,232,10837,414
2023-09-13,167,326,213,10678,343
2023-09-12,224,315,152,10649,316
2023-09-11,132,243,183,10492,277
2023-09-10,218,283,208,10282,382
2023-09-07,118,245,160,10419,398
2023-09-06,81,230,242,10356,291
2023-09-05,236,330,222,10142,243
2023-09-04,196,306,187,9988,293
2023-08-31,113,280,237,10140,505
2023-08-30,239,367,224,10280,366
2023-08-29,152,272,214,10180,286
2023-08-28,170,297,196,10012,388
2023-08-27,191,283,192,9873,488
2023-08-24,109,214,173,10026,443
2023-08-23,155,212,181,10071,285
2023-08-22,119,209,152,9921,230
2023-08-21,143,203,163,9668,281
2023-08-20,105,210,149,9483,390
2023-08-17,119,219,210,9694,407
2023-08-16,148,245,175,9634,288
2023-08-10,142,235,139,8914,353
2023-08-09,118,139,168,8888,251
2023-08-08,125,232,192,8725,207
2023-08-07,156,256,176,8493,202
2023-08-06,109,245,159,8298,322
2023-08-03,167,209,157,8294,339
2023-08-02,84,171,157,8261,271
2023-08-01,87,246,173,8103,168
2023-07-31,136,276,178,7800,220
2023-07-30,166,277,229,7671,305
2023-07-27,110,272,193,7754,259
2023-07-26,202,313,158,7647,215
2023-07-25,134,294,186,7510,136
2023-07-24,180,280,146,7220,187
2023-07-23,108,220,213,7052,276
2023-07-20,147,276,214,7116,281
2023-07-19,104,230,206,7001,226
2023-07-18,174,285,150,6874,181
2023-07-17,113,208,159,6632,160
2023-07-16,88,214,160,6468,218
2023-07-13,130,227,192,6604,226
2023-07-12,84,158,193,6521,210
2023-07-11,115,216,169,6498,143
2023-07-10,167,239,166,6346,163
2023-07-09,99,190,176,6214,196
2023-07-06,101,162,178,6239,205
2023-07-05,107,215,230,6193,167
2023-07-04,184,314,217,6127,124
2023-07-02,209,285,184,5903,309
2023-06-29,81,213,153,6058,213
2023-06-28,91,199,172,5999,174
2023-06-27,154,225,220,5917,155
2023-06-26,186,259,172,5819,174
2023-06-25,92,203,173,5766,263
2023-06-22,124,234,161,5956,207
2023-06-21,93,196,169,5922,149
2023-06-20,33,53,34,5904,134
2023-06-19,29,51,11,5679,142
2023-06-15,91,75,97,6038,272
2023-06-14,62,97,52,6065,167
2023-06-13,59,64,117,6061,146
2023-06-12,84,118,136,6021,177
2023-06-11,86,152,168,6007,238
2023-06-08,106,196,131,6446,255
2023-06-07,113,162,107,6483,208
2023-06-06,92,124,93,6508,187
2023-06-05,68,107,102,6523,189
2023-06-04,74,103,80,6555,292
2023-06-01,56,82,68,7002,287
2023-05-31,38,80,82,7053,210
2023-05-30,65,83,65,7046,168
2023-05-29,41,60,71,6996,207
2023-05-25,43,73,64,7546,408
2023-05-24,35,70,53,7709,276
2023-05-23,25,66,94,7788,246
2023-05-22,99,156,139,7848,240
2023-05-21,107,170,133,7826,343
2023-05-18,80,122,152,8474,351
2023-05-17,57,162,193,8569,307
2023-05-16,161,304,211,8572,272
2023-05-15,205,294,177,8571,277
2023-05-14,100,255,236,8445,288
2023-05-11,269,412,204,8672,392
2023-05-10,168,285,210,8681,304
2023-05-09,187,310,247,8606,250
2023-05-08,133,287,189,8590,261
2023-05-07,180,337,219,8485,375
2023-05-04,153,253,286,8790,332
2023-05-03,209,353,232,8704,267
2023-05-02,167,326,213,8654,245
2023-05-01,224,315,152,8492,237
2023-04-30,132,243,183,8352,293
2023-04-27,218,283,208,8159,310
2023-04-26,118,245,160,8117,256
2023-04-25,81,230,242,8017,202
2023-04-24,236,330,222,7796,213
2023-04-23,196,306,187,7534,266
2023-04-20,113,280,237,7490,320
2023-04-19,239,367,224,7356,229
2023-04-18,152,272,214,7376,234
2023-04-17,170,297,196,7344,248
2023-04-16,191,283,192,7380,272
2023-04-13,109,214,173,7795,370
2023-04-12,155,212,181,7876,283
2023-04-11,119,209,152,7922,187
2023-04-10,143,203,163,7826,265
2023-04-09,105,210,149,7900,329
2023-04-06,119,219,210,8178,284
2023-04-05,148,245,175,8175,260
2023-04-04,142,235,139,8068,259
2023-04-03,118,139,168,8054,284
2023-04-02,125,232,192,7981,304
2023-03-30,156,256,176,8158,359
2023-03-29,109,245,159,8208,267
2023-03-28,167,209,157,8079,223
2023-03-27,84,171,157,7994,235
2023-03-26,87,246,173,7847,352
2023-03-23,136,276,178,8102,331
2023-03-22,166,277,229,8097,246
2023-03-21,110,272,193,8050,221
2023-03-20,202,313,158,7931,279
2023-03-19,134,294,186,7885,306
2023-03-16,180,280,146,7989,308
2023-03-15,108,220,213,7915,286
2023-03-14,147,276,214,7810,181
2023-03-13,104,230,206,7567,249
2023-03-09,174,285,150,7786,340
2023-03-08,113,208,159,7885,291
2023-03-07,88,214,160,7859,259
2023-03-02,130,227,192,7870,335
2023-03-01,84,158,193,7930,307
2023-02-28,115,216,169,7896,200
2023-02-27,167,239,166,7800,248
2023-02-26,99,190,176,7609,323
2023-02-23,101,162,178,7914,386
2023-02-22,107,215,230,7978,232
2023-02-21,184,314,217,7967,213
2023-02-20,209,285,184,7817,209
2023-02-16,81,213,153,7793,361
2023-02-15,91,199,172,7869,290
2023-02-14,154,225,220,7794,223
2023-02-13,186,259,172,7483,244
2023-02-12,92,203,173,7434,317
2023-02-09,124,234,161,7908,353
2023-02-08,93,196,169,7915,317
2023-02-07,16,20,20,7855,200
2023-02-06,11,22,12,7720,196
2023-02-05,16,18,15,7586,342
2023-02-02,15,13,23,7879,298
2023-02-01,25,32,27,7903,231
2023-01-31,26,36,36,7803,158
2023-01-30,34,54,29,7743,196
2023-01-29,23,45,11,7472,303
2023-01-25,20,22,41,7538,180
2023-01-24,47,42,47,7433,175
2023-01-23,32,50,39,7280,181
2023-01-22,32,49,39,7122,227
2023-01-12,33,53,34,6566,436
